,eventid,teamid,shotcoordx,shotcoordy,eventtypeid,quarternum,minutes,seconds,class,quarter,style,event,score,shotevent
118,,29124,1,1,1,3,1,37,"['quarterSet', 'quarter_3']",3,width: 500px;,易建联两罚，第二罚命中,75:66,
291,,29129,1,1,1,1,1,26,"['quarterSet', 'quarter_1']",1,width: 500px;,贺天举两罚，第二罚命中,17:19,
288,,29124,1,1,1,1,1,14,"['quarterSet', 'quarter_1']",1,width: 500px;,布鲁克斯一罚命中,20:19,
220,,29124,1,1,1,2,3,43,"['quarterSet', 'quarter_2']",2,width: 500px;,杜润旺两罚，第二罚命中,38:43,
166,,29129,1,1,1,3,7,33,"['quarterSet', 'quarter_3']",3,width: 500px;,巴斯两罚，第一罚命中,57:52,
85,,29129,1,1,1,4,9,22,"['quarterSet', 'quarter_4']",4,width: 500px;,史蒂芬森一罚命中,85:81,
35,,29124,1,1,1,4,3,58,"['quarterSet', 'quarter_4']",4,width: 500px;,布鲁克斯两罚，第二罚命中,97:89,
36,,29124,1,1,1,4,3,58,"['quarterSet', 'quarter_4']",4,width: 500px;,布鲁克斯两罚，第一罚命中,96:89,
269,,29124,1,1,1,2,10,25,"['quarterSet', 'quarter_2']",2,width: 500px;,易建联两罚，第二罚命中,26:25,
177,,29124,1,1,1,3,9,35,"['quarterSet', 'quarter_3']",3,width: 500px;,曾繁日两罚，第二罚命中,53:51,
296,,29129,1,1,1,1,1,41,"['quarterSet', 'quarter_1']",1,width: 500px;,史蒂芬森两罚，第一罚命中,17:18,
43,,29124,1,1,1,4,4,45,"['quarterSet', 'quarter_4']",4,width: 500px;,王薪凯两罚，第二罚命中,95:87,
77,,29124,1,1,1,4,8,23,"['quarterSet', 'quarter_4']",4,width: 500px;,曾繁日两罚，第二罚命中,88:81,
187,,29129,1,1,1,3,10,58,"['quarterSet', 'quarter_3']",3,width: 500px;,巴斯两罚，第二罚命中,50:49,
48,,29129,1,1,1,4,4,45,"['quarterSet', 'quarter_4']",4,width: 500px;,韩德君两罚，第二罚命中,94:87,
49,,29129,1,1,1,4,4,45,"['quarterSet', 'quarter_4']",4,width: 500px;,韩德君两罚，第一罚命中,94:86,
75,,29129,1,1,1,4,8,11,"['quarterSet', 'quarter_4']",4,width: 500px;,违体犯规罚球，史蒂芬森两罚，第一罚命中,88:82,
74,,29129,1,1,1,4,8,11,"['quarterSet', 'quarter_4']",4,width: 500px;,违体犯规罚球，史蒂芬森两罚，第二罚命中,88:83,
188,,29129,1,1,1,3,10,58,"['quarterSet', 'quarter_3']",3,width: 500px;,巴斯两罚，第一罚命中,50:48,
207,,29124,1,1,1,2,1,15,"['quarterSet', 'quarter_2']",2,width: 500px;,威姆斯两罚，第一罚命中,46:45,
221,,29124,1,1,1,2,3,43,"['quarterSet', 'quarter_2']",2,width: 500px;,杜润旺两罚，第一罚命中,37:43,
255,,29129,1,1,1,2,8,29,"['quarterSet', 'quarter_2']",2,width: 500px;,巴斯两罚，第二罚命中,29:31,
165,,29129,1,1,1,3,7,33,"['quarterSet', 'quarter_3']",3,width: 500px;,巴斯两罚，第二罚命中,57:53,
285,,29129,1,1,1,1,1,0,"['quarterSet', 'quarter_1']",1,width: 500px;,史蒂芬森两罚，第二罚命中,20:20,
146,,29129,1,1,1,3,5,17,"['quarterSet', 'quarter_3']",3,width: 500px;,巴斯一罚命中,63:60,
333,,29129,1,1,1,1,6,46,"['quarterSet', 'quarter_1']",1,width: 500px;,巴斯两罚，第二罚命中,5:8,
11,,29124,1,1,1,4,1,15,"['quarterSet', 'quarter_4']",4,width: 500px;,违体犯规罚球，徐杰两罚，第二罚命中,101:95,
131,,29129,1,1,1,3,2,58,"['quarterSet', 'quarter_3']",3,width: 500px;,巴斯两罚，第一罚命中,71:63,
12,,29124,1,1,1,4,1,15,"['quarterSet', 'quarter_4']",4,width: 500px;,违体犯规罚球，徐杰两罚，第一罚命中,100:95,
6,,29124,1,1,1,4,0,35,"['quarterSet', 'quarter_4']",4,width: 500px;,布鲁克斯两罚，第一罚命中,104:98,
5,,29124,1,1,1,4,0,35,"['quarterSet', 'quarter_4']",4,width: 500px;,布鲁克斯两罚，第二罚命中,105:98,
130,,29129,1,1,1,3,2,58,"['quarterSet', 'quarter_3']",3,width: 500px;,巴斯两罚，第二罚命中,71:64,
127,,29129,1,1,1,3,2,39,"['quarterSet', 'quarter_3']",3,width: 500px;,郭艾伦两罚，第一罚命中,71:65,
98,,29129,1,1,1,4,10,47,"['quarterSet', 'quarter_4']",4,width: 500px;,赵继伟两罚，第一罚命中,82:73,
334,,29129,1,1,1,1,6,46,"['quarterSet', 'quarter_1']",1,width: 500px;,巴斯两罚，第一罚命中,5:7,
97,,29129,1,1,1,4,10,47,"['quarterSet', 'quarter_4']",4,width: 500px;,赵继伟两罚，第二罚命中,82:74,
18,,29129,1,1,1,4,2,8,"['quarterSet', 'quarter_4']",4,width: 500px;,郭艾伦两罚，第二罚命中,99:95,
19,,29129,1,1,1,4,2,8,"['quarterSet', 'quarter_4']",4,width: 500px;,郭艾伦两罚，第一罚命中,99:94,
126,,29129,1,1,1,3,2,39,"['quarterSet', 'quarter_3']",3,width: 500px;,郭艾伦两罚，第二罚命中,71:66,
132,,29129,0,0,10,3,2,58,"['quarterSet', 'quarter_3']",3,width: 500px;,辽宁本钢队换人，韩德君换下了李晓旭,71:62,
192,,29129,0,0,10,3,11,25,"['quarterSet', 'quarter_3']",3,width: 500px;,辽宁本钢队换人，赵继伟换下了丛明晨,50:47,
70,,29129,0,0,10,4,7,55,"['quarterSet', 'quarter_4']",4,width: 500px;,辽宁本钢队换人，郭艾伦换下了史蒂芬森,88:83,
213,,29129,0,0,10,2,2,12,"['quarterSet', 'quarter_2']",2,width: 500px;,辽宁本钢队换人，韩德君换下了贺天举,42:45,
63,,29124,0,0,10,4,6,35,"['quarterSet', 'quarter_4']",4,width: 500px;,广东东莞银行队换人，易建联换下了曾繁日,90:85,
121,,29124,0,0,10,3,1,37,"['quarterSet', 'quarter_3']",3,width: 500px;,广东东莞银行队换人，胡明轩换下了赵睿,74:66,
71,,29129,0,0,10,4,7,55,"['quarterSet', 'quarter_4']",4,width: 500px;,辽宁本钢队换人，巴斯换下了韩德君,88:83,
149,,29124,0,0,10,3,5,17,"['quarterSet', 'quarter_3']",3,width: 500px;,广东东莞银行队换人，布鲁克斯换下了徐杰,63:59,
179,,29124,0,0,10,3,9,35,"['quarterSet', 'quarter_3']",3,width: 500px;,广东东莞银行队换人，徐杰换下了赵睿,52:51,
148,,29124,0,0,10,3,5,17,"['quarterSet', 'quarter_3']",3,width: 500px;,广东东莞银行队换人，易建联换下了曾繁日,63:59,
170,,29129,0,0,10,3,7,53,"['quarterSet', 'quarter_3']",3,width: 500px;,辽宁本钢队换人，李晓旭换下了韩德君,55:51,
138,,29129,0,0,10,3,3,42,"['quarterSet', 'quarter_3']",3,width: 500px;,辽宁本钢队换人，郭艾伦换下了赵继伟,69:62,
167,,29124,0,0,10,3,7,33,"['quarterSet', 'quarter_3']",3,width: 500px;,广东东莞银行队换人，任骏飞换下了易建联,57:51,
84,,29124,0,0,10,4,9,22,"['quarterSet', 'quarter_4']",4,width: 500px;,广东东莞银行队换人，徐杰换下了胡明轩,85:81,
101,,29124,0,0,10,4,11,15,"['quarterSet', 'quarter_4']",4,width: 500px;,广东东莞银行队换人，胡明轩换下了王薪凯,82:72,
86,,29124,0,0,10,4,9,22,"['quarterSet', 'quarter_4']",4,width: 500px;,广东东莞银行队换人，布鲁克斯换下了威姆斯,85:80,
87,,29129,0,0,10,4,9,22,"['quarterSet', 'quarter_4']",4,width: 500px;,辽宁本钢队换人，高诗岩换下了郭艾伦,85:80,
96,,29124,0,0,10,4,10,32,"['quarterSet', 'quarter_4']",4,width: 500px;,广东东莞银行队换人，任骏飞换下了易建联,82:74,
95,,29124,0,0,10,4,10,32,"['quarterSet', 'quarter_4']",4,width: 500px;,广东东莞银行队换人，曾繁日换下了杜润旺,82:74,
147,,29129,0,0,10,3,5,17,"['quarterSet', 'quarter_3']",3,width: 500px;,辽宁本钢队换人，刘志轩换下了郭艾伦,63:59,
162,,29124,0,0,10,3,7,9,"['quarterSet', 'quarter_3']",3,width: 500px;,广东东莞银行队换人，赵睿换下了布鲁克斯,57:53,
184,,29124,0,0,10,3,10,31,"['quarterSet', 'quarter_3']",3,width: 500px;,广东东莞银行队换人，曾繁日换下了杜润旺,50:49,
62,,29129,0,0,10,4,6,35,"['quarterSet', 'quarter_4']",4,width: 500px;,辽宁本钢队换人，韩德君换下了巴斯,90:85,
230,,29124,0,0,10,2,4,50,"['quarterSet', 'quarter_2']",2,width: 500px;,广东东莞银行队换人，杜润旺换下了威姆斯,34:40,
222,,29124,0,0,10,2,3,43,"['quarterSet', 'quarter_2']",2,width: 500px;,广东东莞银行队换人，徐杰换下了赵睿,36:43,
61,,29129,0,0,10,4,6,35,"['quarterSet', 'quarter_4']",4,width: 500px;,辽宁本钢队换人，史蒂芬森换下了赵继伟,90:85,
297,,29129,0,0,10,1,1,41,"['quarterSet', 'quarter_1']",1,width: 500px;,辽宁本钢队换人，韩德君换下了李晓旭,17:17,
298,,29124,0,0,10,1,1,41,"['quarterSet', 'quarter_1']",1,width: 500px;,广东东莞银行队换人，布鲁克斯换下了威姆斯,17:17,
309,,29129,0,0,10,1,3,31,"['quarterSet', 'quarter_1']",1,width: 500px;,辽宁本钢队换人，高诗岩换下了赵继伟,13:13,
310,,29124,0,0,10,1,3,31,"['quarterSet', 'quarter_1']",1,width: 500px;,广东东莞银行队换人，徐杰换下了赵睿,13:13,
311,,29124,0,0,10,1,3,31,"['quarterSet', 'quarter_1']",1,width: 500px;,广东东莞银行队换人，易建联换下了苏伟,13:13,
312,,29124,0,0,10,1,3,31,"['quarterSet', 'quarter_1']",1,width: 500px;,广东东莞银行队换人，杜润旺换下了任骏飞,13:13,
20,,29129,0,0,10,4,2,8,"['quarterSet', 'quarter_4']",4,width: 500px;,辽宁本钢队换人，贺天举换下了韩德君,99:93,
17,,29124,0,0,10,4,2,8,"['quarterSet', 'quarter_4']",4,width: 500px;,广东东莞银行队换人，布鲁克斯换下了威姆斯,99:95,
328,,29129,0,0,10,1,5,57,"['quarterSet', 'quarter_1']",1,width: 500px;,辽宁本钢队换人，丛明晨换下了刘志轩,7:8,
331,,29129,0,0,10,1,6,46,"['quarterSet', 'quarter_1']",1,width: 500px;,辽宁本钢队换人，贺天举换下了郭艾伦,5:8,
332,,29129,0,0,10,1,6,46,"['quarterSet', 'quarter_1']",1,width: 500px;,辽宁本钢队换人，史蒂芬森换下了巴斯,5:8,
13,,29129,0,0,10,4,1,15,"['quarterSet', 'quarter_4']",4,width: 500px;,辽宁本钢队换人，高诗岩换下了郭艾伦,99:95,
335,,29124,0,0,10,1,6,46,"['quarterSet', 'quarter_1']",1,width: 500px;,广东东莞银行队换人，王薪凯换下了胡明轩,5:6,
336,,29124,0,0,10,1,6,46,"['quarterSet', 'quarter_1']",1,width: 500px;,广东东莞银行队换人，威姆斯换下了布鲁克斯,5:6,
342,,29124,0,0,10,1,7,30,"['quarterSet', 'quarter_1']",1,width: 500px;,广东东莞银行队换人，苏伟换下了易建联,2:4,
353,,29129,0,0,10,1,10,8,"['quarterSet', 'quarter_1']",1,width: 500px;,辽宁本钢队换人，李晓旭换下了韩德君,0:2,
34,,29124,0,0,10,4,3,58,"['quarterSet', 'quarter_4']",4,width: 500px;,广东东莞银行队换人，威姆斯换下了布鲁克斯,97:89,
37,,29124,0,0,10,4,3,58,"['quarterSet', 'quarter_4']",4,width: 500px;,广东东莞银行队换人，胡明轩换下了王薪凯,95:89,
31,,29124,0,0,10,4,3,27,"['quarterSet', 'quarter_4']",4,width: 500px;,广东东莞银行队换人，赵睿换下了胡明轩,97:91,
263,,29129,0,0,10,2,9,9,"['quarterSet', 'quarter_2']",2,width: 500px;,辽宁本钢队换人，李晓旭换下了韩德君,29:30,
229,,29124,0,0,10,2,4,50,"['quarterSet', 'quarter_2']",2,width: 500px;,广东东莞银行队换人，威姆斯换下了任骏飞,34:40,
120,,29124,0,0,10,3,1,37,"['quarterSet', 'quarter_3']",3,width: 500px;,广东东莞银行队换人，王薪凯换下了威姆斯,74:66,
236,,29129,0,0,10,2,5,36,"['quarterSet', 'quarter_2']",2,width: 500px;,辽宁本钢队换人，刘志轩换下了丛明晨,34:37,
52,,29129,0,0,10,4,4,45,"['quarterSet', 'quarter_4']",4,width: 500px;,辽宁本钢队换人，赵继伟换下了高诗岩,94:85,
244,,29124,0,0,10,2,6,43,"['quarterSet', 'quarter_2']",2,width: 500px;,广东东莞银行队换人，易建联换下了曾繁日,29:35,
245,,29129,0,0,10,2,6,43,"['quarterSet', 'quarter_2']",2,width: 500px;,辽宁本钢队换人，赵继伟换下了郭艾伦,29:35,
251,,29124,0,0,10,2,7,50,"['quarterSet', 'quarter_2']",2,width: 500px;,广东东莞银行队换人，赵睿换下了胡明轩,29:33,
237,,29129,0,0,10,2,5,36,"['quarterSet', 'quarter_2']",2,width: 500px;,辽宁本钢队换人，贺天举换下了李晓旭,34:37,
45,,29124,0,0,10,4,4,45,"['quarterSet', 'quarter_4']",4,width: 500px;,广东东莞银行队换人，王薪凯换下了赵睿,94:87,
257,,29124,0,0,10,2,8,29,"['quarterSet', 'quarter_2']",2,width: 500px;,广东东莞银行队换人，任骏飞换下了杜润旺,29:30,
259,,29124,0,0,10,2,8,42,"['quarterSet', 'quarter_2']",2,width: 500px;,广东东莞银行队换人，曾繁日换下了易建联,29:30,
246,,0,0,0,11,2,6,43,"['quarterSet', 'quarter_2']",2,width: 500px;,官方暂停,29:35,
53,,29129,0,0,11,4,4,45,"['quarterSet', 'quarter_4']",4,width: 500px;,辽宁本钢队常规暂停,94:85,
38,,29129,0,0,11,4,3,58,"['quarterSet', 'quarter_4']",4,width: 500px;,辽宁本钢队常规暂停,95:89,
214,,29129,0,0,11,2,2,12,"['quarterSet', 'quarter_2']",2,width: 500px;,辽宁本钢队常规暂停,42:45,
139,,29129,0,0,11,3,3,42,"['quarterSet', 'quarter_3']",3,width: 500px;,辽宁本钢队常规暂停,69:62,
102,,29124,0,0,11,4,11,15,"['quarterSet', 'quarter_4']",4,width: 500px;,广东东莞银行队常规暂停,82:72,
154,,0,0,0,11,3,6,1,"['quarterSet', 'quarter_3']",3,width: 500px;,官方暂停,61:55,
212,,29129,0,0,11,2,2,12,"['quarterSet', 'quarter_2']",2,width: 500px;,辽宁本钢队常规暂停,42:45,
337,,0,0,0,11,1,6,46,"['quarterSet', 'quarter_1']",1,width: 500px;,官方暂停,5:6,
364,,29124,0,0,12,1,12,0,"['quarterSet', 'quarter_1']",1,width: 500px;,易建联和韩德君跳球，辽宁本钢队得到球权,0:0,
107,,0,0,0,14,4,12,0,"['quarterSet', 'quarter_4']",4,width: 500px;,第4节开始,82:68,
365,,0,0,0,14,1,12,0,"['quarterSet', 'quarter_1']",1,width: 500px;,第1节开始,0:0,
195,,0,0,0,14,3,12,0,"['quarterSet', 'quarter_3']",3,width: 500px;,第3节开始,50:47,
277,,0,0,0,14,2,12,0,"['quarterSet', 'quarter_2']",2,width: 500px;,第2节开始,23:22,
108,,0,0,0,15,3,0,0,"['quarterSet', 'quarter_3']",3,width: 500px;,第3节结束,82:68,
278,,0,0,0,15,1,0,0,"['quarterSet', 'quarter_1']",1,width: 500px;,第1节结束,23:22,
1,,0,0,0,15,4,0,0,"['quarterSet', 'quarter_4']",4,width: 500px;,第4节结束,107:98,
196,,0,0,0,15,2,0,0,"['quarterSet', 'quarter_2']",2,width: 500px;,第2节结束,50:47,
0,,0,0,0,19,4,0,0,"['quarterSet', 'quarter_4']",4,width: 500px;,比赛结束,107:98,
178,,29124,1,1,2,3,9,35,"['quarterSet', 'quarter_3']",3,width: 500px;,曾繁日两罚，第一罚不中,52:51,
256,,29129,1,1,2,2,8,29,"['quarterSet', 'quarter_2']",2,width: 500px;,巴斯两罚，第一罚不中,29:30,
44,,29124,1,1,2,4,4,45,"['quarterSet', 'quarter_4']",4,width: 500px;,王薪凯两罚，第一罚不中,94:87,
286,,29129,1,1,2,1,1,0,"['quarterSet', 'quarter_1']",1,width: 500px;,史蒂芬森两罚，第一罚不中,20:19,
292,,29129,1,1,2,1,1,26,"['quarterSet', 'quarter_1']",1,width: 500px;,贺天举两罚，第一罚不中,17:18,
295,,29129,1,1,2,1,1,41,"['quarterSet', 'quarter_1']",1,width: 500px;,史蒂芬森两罚，第二罚不中，易建联获得防守篮板,17:18,
158,,29124,1,1,2,3,6,49,"['quarterSet', 'quarter_3']",3,width: 500px;,赵睿罚球不中，巴斯获得防守篮板,59:53,
270,,29124,1,1,2,2,10,25,"['quarterSet', 'quarter_2']",2,width: 500px;,易建联两罚，第一罚不中,25:25,
23,,29129,1,1,2,4,2,36,"['quarterSet', 'quarter_4']",4,width: 500px;,韩德君罚球不中，易建联获得防守篮板,99:93,
78,,29124,1,1,2,4,8,23,"['quarterSet', 'quarter_4']",4,width: 500px;,曾繁日两罚，第一罚不中,87:81,
119,,29124,1,1,2,3,1,37,"['quarterSet', 'quarter_3']",3,width: 500px;,易建联两罚，第一罚不中,74:66,
206,,29124,1,1,2,2,1,15,"['quarterSet', 'quarter_2']",2,width: 500px;,威姆斯两罚，第二罚不中，巴斯获得防守篮板,46:45,
210,,29124,21.7778,-1.1,3,2,1,58,"['quarterSet', 'quarter_2']",2,width: 500px;,徐杰接到布鲁克斯的助攻，跳投，三分入网,45:45,
266,,29129,2.571,-2.7,3,2,9,44,"['quarterSet', 'quarter_2']",2,width: 500px;,韩德君跳投，命中得分,29:30,
42,,29129,-0.1512,1.78,3,4,4,31,"['quarterSet', 'quarter_4']",4,width: 500px;,郭艾伦带球上篮得分,95:89,
69,,29124,2.7222,-1.1,3,4,7,44,"['quarterSet', 'quarter_4']",4,width: 500px;,布鲁克斯助攻曾繁日灌篮得分,90:83,
253,,29129,6.3519,1.94,3,2,8,10,"['quarterSet', 'quarter_2']",2,width: 500px;,巴斯跳投，命中得分,29:33,
68,,29129,8.4691,-1.1,3,4,7,11,"['quarterSet', 'quarter_4']",4,width: 500px;,郭艾伦带球上篮得分,90:85,
248,,29129,4.6883,-1.58,3,2,7,19,"['quarterSet', 'quarter_2']",2,width: 500px;,史蒂芬森接到巴斯的助攻，带球上篮得分,29:35,
198,,29129,2.4198,-1.58,3,2,0,1,"['quarterSet', 'quarter_2']",2,width: 500px;,刘志轩跳投，命中得分,50:47,
242,,29124,1.2099,-1.42,3,2,6,29,"['quarterSet', 'quarter_2']",2,width: 500px;,威姆斯助攻任骏飞灌篮得分,31:35,
114,,29124,2.2685,-2.7,3,3,1,5,"['quarterSet', 'quarter_3']",3,width: 500px;,布鲁克斯接到王薪凯的助攻，带球上篮得分,79:66,
239,,29124,-17.2407,13.78,3,2,5,47,"['quarterSet', 'quarter_2']",2,width: 500px;,布鲁克斯跳投，三分入网,34:37,
54,,29124,2.1173,-1.26,3,4,5,38,"['quarterSet', 'quarter_4']",4,width: 500px;,任骏飞接到赵睿的助攻，带球上篮得分,94:85,
235,,29129,-16.3333,14.26,3,2,5,26,"['quarterSet', 'quarter_2']",2,width: 500px;,史蒂芬森跳投，三分入网,34:40,
204,,29124,6.5031,1.14,3,2,0,55,"['quarterSet', 'quarter_2']",2,width: 500px;,布鲁克斯带球上篮得分,48:45,
57,,29124,1.0586,1.14,3,4,6,10,"['quarterSet', 'quarter_4']",4,width: 500px;,赵睿助攻布鲁克斯灌篮得分,92:85,
228,,29124,-1.5123,12.66,3,2,4,39,"['quarterSet', 'quarter_2']",2,width: 500px;,易建联跳投，命中得分,36:40,
227,,29129,20.2654,9.62,3,2,4,17,"['quarterSet', 'quarter_2']",2,width: 500px;,刘志轩接到史蒂芬森的助攻，跳投，三分入网,36:43,
219,,29129,4.9907,10.9,3,2,3,28,"['quarterSet', 'quarter_2']",2,width: 500px;,巴斯跳投，命中得分,38:45,
218,,29124,4.8395,0.18,3,2,3,22,"['quarterSet', 'quarter_2']",2,width: 500px;,威姆斯带球上篮得分,40:45,
215,,29124,-2.571,-1.26,3,2,2,40,"['quarterSet', 'quarter_2']",2,width: 500px;,布鲁克斯助攻易建联灌篮得分,42:45,
200,,29124,-7.108,-2.54,3,2,0,25,"['quarterSet', 'quarter_2']",2,width: 500px;,杜润旺接到徐杰的助攻，带球上篮得分,50:45,
267,,29124,-1.8148,20.82,3,2,9,56,"['quarterSet', 'quarter_2']",2,width: 500px;,威姆斯跳投，三分入网,29:28,
240,,29129,-0.9074,-2.06,3,2,6,7,"['quarterSet', 'quarter_2']",2,width: 500px;,李晓旭助攻史蒂芬森灌篮得分,31:37,
181,,29129,7.5617,-2.22,3,3,9,42,"['quarterSet', 'quarter_3']",3,width: 500px;,郭艾伦带球上篮得分,52:51,
360,,29129,2.8735,-1.42,3,1,11,8,"['quarterSet', 'quarter_1']",1,width: 500px;,巴斯灌篮得分,0:2,
347,,29124,-1.8148,-1.74,3,1,8,40,"['quarterSet', 'quarter_1']",1,width: 500px;,任骏飞助攻易建联灌篮得分,2:2,
343,,29129,-1.3611,5.3,3,1,7,34,"['quarterSet', 'quarter_1']",1,width: 500px;,巴斯跳投，命中得分,2:4,
3,,29124,3.3272,-0.78,3,4,0,10,"['quarterSet', 'quarter_4']",4,width: 500px;,任骏飞接到易建联的助攻，跳投，命中得分,107:98,
341,,29124,-17.9969,13.46,3,1,7,28,"['quarterSet', 'quarter_1']",1,width: 500px;,任骏飞接到赵睿的助攻，跳投，三分入网,5:4,
340,,29129,16.0309,-0.14,3,1,7,18,"['quarterSet', 'quarter_1']",1,width: 500px;,郭艾伦跳投，命中得分,5:6,
8,,29129,-3.6296,20.66,3,4,0,40,"['quarterSet', 'quarter_4']",4,width: 500px;,史蒂芬森跳投，三分入网,103:98,
9,,29124,3.9321,-1.1,3,4,0,51,"['quarterSet', 'quarter_4']",4,width: 500px;,易建联接到布鲁克斯的助攻，跳投，命中得分,103:95,
329,,29124,4.8395,-1.74,3,1,6,16,"['quarterSet', 'quarter_1']",1,width: 500px;,威姆斯带球上篮得分,7:8,
327,,29124,1.6636,-3.02,3,1,5,37,"['quarterSet', 'quarter_1']",1,width: 500px;,赵睿带球上篮得分,9:8,
325,,29129,-16.0309,15.7,3,1,5,23,"['quarterSet', 'quarter_1']",1,width: 500px;,史蒂芬森跳投，三分入网,9:11,
324,,29124,2.7222,0.02,3,1,5,13,"['quarterSet', 'quarter_1']",1,width: 500px;,赵睿带球上篮得分,11:11,
321,,29129,3.3272,-2.06,3,1,5,1,"['quarterSet', 'quarter_1']",1,width: 500px;,史蒂芬森接到赵继伟的助攻，带球上篮得分,11:13,
318,,29124,-1.2099,0.82,3,1,4,22,"['quarterSet', 'quarter_1']",1,width: 500px;,任骏飞跳投，命中得分,13:13,
307,,29124,-1.6636,-0.78,3,1,3,23,"['quarterSet', 'quarter_1']",1,width: 500px;,易建联灌篮得分,15:13,
305,,29129,1.0586,-1.1,3,1,3,0,"['quarterSet', 'quarter_1']",1,width: 500px;,史蒂芬森跳投，命中得分,15:15,
304,,29124,3.0247,9.14,3,1,2,53,"['quarterSet', 'quarter_1']",1,width: 500px;,威姆斯跳投，命中得分,17:15,
301,,29129,2.7222,-1.58,3,1,2,14,"['quarterSet', 'quarter_1']",1,width: 500px;,史蒂芬森接到李晓旭的助攻，跳投，命中得分,17:17,
25,,29129,0.6049,-0.62,3,4,2,36,"['quarterSet', 'quarter_4']",4,width: 500px;,韩德君接到史蒂芬森的助攻，跳投，命中得分,99:93,
27,,29124,3.0247,-1.26,3,4,2,57,"['quarterSet', 'quarter_4']",4,width: 500px;,赵睿助攻易建联灌篮得分,99:91,
290,,29124,1.5123,-1.9,3,1,1,16,"['quarterSet', 'quarter_1']",1,width: 500px;,布鲁克斯带球上篮得分,19:19,
284,,29124,10.5864,17.78,3,1,0,52,"['quarterSet', 'quarter_1']",1,width: 500px;,布鲁克斯跳投，三分入网,23:20,
281,,29129,0.7562,-0.94,3,1,0,29,"['quarterSet', 'quarter_1']",1,width: 500px;,韩德君跳投，命中得分,23:22,
33,,29129,16.1821,-0.62,3,4,3,51,"['quarterSet', 'quarter_4']",4,width: 500px;,李晓旭接到郭艾伦的助攻，跳投，命中得分,97:91,
274,,29129,21.4753,5.46,3,2,11,15,"['quarterSet', 'quarter_2']",2,width: 500px;,丛明晨接到郭艾伦的助攻，跳投，三分入网,23:25,
268,,29129,13.4599,18.1,3,2,10,6,"['quarterSet', 'quarter_2']",2,width: 500px;,丛明晨接到郭艾伦的助攻，跳投，三分入网,26:28,
273,,29124,-4.6883,-1.42,3,2,10,55,"['quarterSet', 'quarter_2']",2,width: 500px;,杜润旺接到布鲁克斯的助攻，跳投，命中得分,25:25,
182,,29124,12.8549,-0.3,3,3,9,57,"['quarterSet', 'quarter_3']",3,width: 500px;,布鲁克斯跳投，命中得分,52:49,
91,,29129,-3.1759,-1.1,3,4,9,46,"['quarterSet', 'quarter_4']",4,width: 500px;,史蒂芬森跳投，命中得分,85:78,
103,,29129,3.7809,-1.1,3,4,11,20,"['quarterSet', 'quarter_4']",4,width: 500px;,史蒂芬森带球上篮得分,82:72,
134,,29124,-2.2685,-1.58,3,3,3,14,"['quarterSet', 'quarter_3']",3,width: 500px;,布鲁克斯助攻易建联灌篮得分,71:62,
140,,29124,-7.2593,-0.78,3,3,3,45,"['quarterSet', 'quarter_3']",3,width: 500px;,布鲁克斯跳投，命中得分,69:62,
105,,29129,-8.9228,2.42,3,4,11,34,"['quarterSet', 'quarter_4']",4,width: 500px;,史蒂芬森跳投，命中得分,82:70,
143,,29124,-2.2685,-1.9,3,3,4,26,"['quarterSet', 'quarter_3']",3,width: 500px;,任骏飞接到布鲁克斯的助攻，带球上篮得分,67:62,
169,,29124,3.3272,-0.46,3,3,7,45,"['quarterSet', 'quarter_3']",3,width: 500px;,威姆斯跳投，命中得分,57:51,
144,,29129,0.3025,3.7,3,3,4,54,"['quarterSet', 'quarter_3']",3,width: 500px;,赵继伟跳投，命中得分,65:62,
125,,29124,-15.2747,15.86,3,3,2,25,"['quarterSet', 'quarter_3']",3,width: 500px;,任骏飞接到易建联的助攻，跳投，三分入网,74:66,
145,,29124,-1.3611,2.74,3,3,5,6,"['quarterSet', 'quarter_3']",3,width: 500px;,布鲁克斯接到威姆斯的助攻，跳投，命中得分,65:60,
160,,29124,0.4537,-1.26,3,3,6,49,"['quarterSet', 'quarter_3']",3,width: 500px;,赵睿带球上篮得分,59:53,
173,,29124,3.1759,-2.7,3,3,8,33,"['quarterSet', 'quarter_3']",3,width: 500px;,曾繁日接到威姆斯的助攻，跳投，命中得分,55:51,
81,,29124,15.1235,-1.74,3,4,8,50,"['quarterSet', 'quarter_4']",4,width: 500px;,赵睿接到布鲁克斯的助攻，跳投，命中得分,87:81,
112,,29124,-4.0833,21.3,3,3,0,34,"['quarterSet', 'quarter_3']",3,width: 500px;,任骏飞接到布鲁克斯的助攻，跳投，三分入网,82:68,
89,,29129,0.6049,0.66,3,4,9,30,"['quarterSet', 'quarter_4']",4,width: 500px;,史蒂芬森带球上篮得分,85:80,
94,,29124,-14.0648,17.46,3,4,10,25,"['quarterSet', 'quarter_4']",4,width: 500px;,胡明轩跳投，三分入网,85:74,
157,,29129,-13.4599,-2.06,3,3,6,33,"['quarterSet', 'quarter_3']",3,width: 500px;,李晓旭接到郭艾伦的助攻，跳投，命中得分,59:55,
93,,29129,-14.3673,-2.86,3,4,10,8,"['quarterSet', 'quarter_4']",4,width: 500px;,李晓旭接到史蒂芬森的助攻，跳投，命中得分,85:76,
153,,29129,-0.6049,0.5,3,3,5,57,"['quarterSet', 'quarter_3']",3,width: 500px;,史蒂芬森跳投，命中得分,61:57,
152,,29124,2.7222,-1.26,3,3,5,37,"['quarterSet', 'quarter_3']",3,width: 500px;,赵睿带球上篮得分,63:57,
116,,29124,-1.0586,7.06,3,3,1,20,"['quarterSet', 'quarter_3']",3,width: 500px;,布鲁克斯跳投，命中得分,77:66,
155,,29124,2.7222,-1.42,3,3,6,10,"['quarterSet', 'quarter_3']",3,width: 500px;,威姆斯带球上篮得分,61:55,
113,,29129,0.6049,-0.94,3,3,0,47,"['quarterSet', 'quarter_3']",3,width: 500px;,韩德君跳投，命中得分,79:68,
151,,29129,1.6636,-0.14,3,3,5,25,"['quarterSet', 'quarter_3']",3,width: 500px;,郭艾伦助攻巴斯灌篮得分,63:59,
100,,29124,22.2315,-1.9,4,4,10,56,"['quarterSet', 'quarter_4']",4,width: 500px;,威姆斯三分跳投不中，史蒂芬森获得防守篮板,82:72,
28,,29124,3.3272,-2.54,4,4,3,15,"['quarterSet', 'quarter_4']",4,width: 500px;,徐杰带球上篮不中，辽宁本钢队获得防守篮板,97:91,
29,,29129,3.1759,-1.26,4,4,3,23,"['quarterSet', 'quarter_4']",4,width: 500px;,赵继伟带球上篮不中，易建联获得防守篮板,97:91,
142,,29129,-8.3179,5.3,4,3,4,3,"['quarterSet', 'quarter_3']",3,width: 500px;,李晓旭跳投不中，赵睿获得防守篮板,67:62,
283,,29129,2.1173,1.14,4,1,0,44,"['quarterSet', 'quarter_1']",1,width: 500px;,史蒂芬森跳投不中，丛明晨抢到进攻篮板,23:20,
41,,29124,15.1235,17.46,4,4,4,18,"['quarterSet', 'quarter_4']",4,width: 500px;,布鲁克斯三分跳投不中，赵继伟获得防守篮板,95:89,
280,,29124,-19.358,11.38,4,1,0,21,"['quarterSet', 'quarter_1']",1,width: 500px;,布鲁克斯三分跳投不中，高诗岩获得防守篮板,23:22,
279,,29129,18.2994,20.98,4,1,0,6,"['quarterSet', 'quarter_1']",1,width: 500px;,史蒂芬森三分跳投不中，布鲁克斯获得防守篮板,23:22,
32,,29124,-4.6883,-1.74,4,4,3,35,"['quarterSet', 'quarter_4']",4,width: 500px;,任骏飞跳投不中，韩德君获得防守篮板,97:91,
262,,29129,1.966,0.5,4,2,8,55,"['quarterSet', 'quarter_2']",2,width: 500px;,巴斯跳投不中，威姆斯获得防守篮板,29:30,
40,,29129,-9.9815,19.86,4,4,4,6,"['quarterSet', 'quarter_4']",4,width: 500px;,赵继伟三分跳投不中，布鲁克斯获得防守篮板,95:89,
276,,29124,-22.2315,-1.1,4,2,11,41,"['quarterSet', 'quarter_2']",2,width: 500px;,胡明轩三分跳投不中，杜润旺抢到进攻篮板,23:22,
137,,29129,-5.4444,12.66,4,3,3,32,"['quarterSet', 'quarter_3']",3,width: 500px;,巴斯跳投不中，赵睿获得防守篮板,69:62,
265,,29124,-13.3086,3.22,4,2,9,31,"['quarterSet', 'quarter_2']",2,width: 500px;,易建联跳投不中，韩德君获得防守篮板,29:30,
92,,29124,6.5031,3.7,4,4,9,55,"['quarterSet', 'quarter_4']",4,width: 500px;,威姆斯跳投不中，赵继伟获得防守篮板,85:76,
282,,29129,-1.9661,-1.42,4,1,0,36,"['quarterSet', 'quarter_1']",1,width: 500px;,史蒂芬森跳投不中，韩德君抢到进攻篮板,23:20,
275,,29124,-19.8117,10.1,4,2,11,33,"['quarterSet', 'quarter_2']",2,width: 500px;,杜润旺三分跳投不中，丛明晨获得防守篮板,23:22,
80,,29129,13.7623,18.74,4,4,8,42,"['quarterSet', 'quarter_4']",4,width: 500px;,史蒂芬森三分跳投不中，广东东莞银行队获得防守篮板,87:81,
300,,29124,1.5123,-1.1,4,1,1,58,"['quarterSet', 'quarter_1']",1,width: 500px;,威姆斯带球上篮不中，李晓旭获得防守篮板,17:17,
362,,29124,-0.9074,-1.58,4,1,11,16,"['quarterSet', 'quarter_1']",1,width: 500px;,胡明轩跳投，被韩德君盖掉，刘志轩获得防守篮板,0:0,
361,,29129,2.7222,-1.58,4,1,11,12,"['quarterSet', 'quarter_1']",1,width: 500px;,郭艾伦带球上篮不中，巴斯抢到进攻篮板,0:0,
358,,29124,-4.6883,4.18,4,1,10,47,"['quarterSet', 'quarter_1']",1,width: 500px;,布鲁克斯跳投不中，韩德君获得防守篮板,0:2,
357,,29129,2.4198,1.46,4,1,10,32,"['quarterSet', 'quarter_1']",1,width: 500px;,郭艾伦跳投不中，胡明轩获得防守篮板,0:2,
356,,29124,-15.8796,14.58,4,1,10,25,"['quarterSet', 'quarter_1']",1,width: 500px;,任骏飞三分跳投不中，郭艾伦获得防守篮板,0:2,
355,,29129,16.6358,15.7,4,1,10,14,"['quarterSet', 'quarter_1']",1,width: 500px;,赵继伟三分跳投不中，易建联获得防守篮板,0:2,
2,,29129,14.9722,15.54,4,4,0,1,"['quarterSet', 'quarter_4']",4,width: 500px;,史蒂芬森三分跳投不中，易建联获得防守篮板,107:98,
352,,29124,-1.9661,21.62,4,1,9,56,"['quarterSet', 'quarter_1']",1,width: 500px;,布鲁克斯三分跳投不中，巴斯获得防守篮板,0:2,
350,,29124,-4.3858,-1.74,4,1,9,32,"['quarterSet', 'quarter_1']",1,width: 500px;,赵睿跳投，被李晓旭盖掉，广东东莞银行队抢到进攻篮板,0:2,
117,,29129,-10.284,10.26,4,3,1,27,"['quarterSet', 'quarter_3']",3,width: 500px;,史蒂芬森跳投不中，王薪凯获得防守篮板,75:66,
346,,29129,-1.6636,21.3,4,1,8,17,"['quarterSet', 'quarter_1']",1,width: 500px;,郭艾伦三分跳投不中，易建联获得防守篮板,2:2,
345,,29124,-1.2099,9.62,4,1,7,59,"['quarterSet', 'quarter_1']",1,width: 500px;,赵睿跳投不中，郭艾伦获得防守篮板,2:2,
4,,29129,-1.5123,21.78,4,4,0,29,"['quarterSet', 'quarter_4']",4,width: 500px;,高诗岩三分跳投不中，广东东莞银行队获得防守篮板,105:98,
123,,29124,-22.9877,-0.94,4,3,1,50,"['quarterSet', 'quarter_3']",3,width: 500px;,任骏飞三分跳投不中，易建联抢到进攻篮板,74:66,
124,,29129,10.4352,20.02,4,3,2,0,"['quarterSet', 'quarter_3']",3,width: 500px;,郭艾伦三分跳投不中，威姆斯获得防守篮板,74:66,
10,,29124,19.0556,12.34,4,4,1,4,"['quarterSet', 'quarter_4']",4,width: 500px;,布鲁克斯三分跳投不中，任骏飞抢到进攻篮板,101:95,
330,,29124,13.4599,1.3,4,1,6,29,"['quarterSet', 'quarter_1']",1,width: 500px;,威姆斯跳投不中，苏伟抢到进攻篮板,5:8,
109,,29129,-13.1574,52.6,4,3,0,0,"['quarterSet', 'quarter_3']",3,width: 500px;,史蒂芬森三分跳投不中,82:68,
319,,29129,1.3611,10.1,4,1,4,42,"['quarterSet', 'quarter_1']",1,width: 500px;,李晓旭跳投不中，苏伟获得防守篮板,11:13,
106,,29124,-22.8364,-4.14,4,4,11,45,"['quarterSet', 'quarter_4']",4,width: 500px;,赵睿三分跳投不中，史蒂芬森获得防守篮板,82:68,
317,,29129,-9.3765,19.7,4,1,4,7,"['quarterSet', 'quarter_1']",1,width: 500px;,史蒂芬森三分跳投不中，威姆斯获得防守篮板,13:13,
316,,29124,-22.2315,-1.58,4,1,4,0,"['quarterSet', 'quarter_1']",1,width: 500px;,王薪凯三分跳投不中，丛明晨获得防守篮板,13:13,
315,,29129,-0.9074,16.18,4,1,3,41,"['quarterSet', 'quarter_1']",1,width: 500px;,李晓旭跳投不中，贺天举抢到进攻篮板,13:13,
314,,29129,-14.821,15.38,4,1,3,36,"['quarterSet', 'quarter_1']",1,width: 500px;,贺天举三分跳投不中，李晓旭抢到进攻篮板,13:13,
22,,29124,-21.6265,-2.38,4,4,2,20,"['quarterSet', 'quarter_4']",4,width: 500px;,任骏飞三分跳投不中，赵继伟获得防守篮板,99:93,
308,,29129,-22.2315,0.98,4,1,3,30,"['quarterSet', 'quarter_1']",1,width: 500px;,史蒂芬森三分跳投不中，易建联获得防守篮板,13:13,
306,,29129,3.4784,-1.9,4,1,3,4,"['quarterSet', 'quarter_1']",1,width: 500px;,史蒂芬森跳投不中，史蒂芬森抢到进攻篮板,15:13,
254,,29124,14.0648,16.82,4,2,8,19,"['quarterSet', 'quarter_2']",2,width: 500px;,布鲁克斯三分跳投不中，巴斯获得防守篮板,29:31,
135,,29129,-3.3272,0.02,4,3,3,19,"['quarterSet', 'quarter_3']",3,width: 500px;,史蒂芬森带球上篮不中，赵睿获得防守篮板,69:62,
136,,29124,-4.3858,-3.5,4,3,3,25,"['quarterSet', 'quarter_3']",3,width: 500px;,赵睿带球上篮不中，郭艾伦获得防守篮板,69:62,
303,,29129,-6.8056,6.58,4,1,2,33,"['quarterSet', 'quarter_1']",1,width: 500px;,高诗岩跳投不中，广东东莞银行队获得防守篮板,17:15,
272,,29129,2.1173,4.66,4,2,10,36,"['quarterSet', 'quarter_2']",2,width: 500px;,郭艾伦跳投不中，易建联获得防守篮板,25:25,
233,,29129,-0.3025,-0.94,4,2,5,4,"['quarterSet', 'quarter_2']",2,width: 500px;,史蒂芬森带球上篮不中，巴斯抢到进攻篮板,34:40,
232,,29129,0.9074,-1.58,4,2,5,0,"['quarterSet', 'quarter_2']",2,width: 500px;,巴斯灌篮，被易建联盖掉，威姆斯获得防守篮板,34:40,
199,,29129,4.0833,-0.46,4,2,0,5,"['quarterSet', 'quarter_2']",2,width: 500px;,韩德君跳投不中，刘志轩抢到进攻篮板,50:45,
56,,29129,-16.0309,-0.46,4,4,5,46,"['quarterSet', 'quarter_4']",4,width: 500px;,李晓旭跳投不中，韩德君抢到进攻篮板,92:85,
90,,29124,22.3827,-2.06,4,4,9,38,"['quarterSet', 'quarter_4']",4,width: 500px;,胡明轩三分跳投不中，韩德君获得防守篮板,85:78,
82,,29124,22.2315,-1.26,4,4,9,7,"['quarterSet', 'quarter_4']",4,width: 500px;,徐杰三分跳投不中，赵睿抢到进攻篮板,85:81,
164,,29124,-12.7037,17.62,4,3,7,19,"['quarterSet', 'quarter_3']",3,width: 500px;,威姆斯三分跳投不中，李晓旭获得防守篮板,57:53,
205,,29129,-0.6049,11.86,4,2,1,2,"['quarterSet', 'quarter_2']",2,width: 500px;,巴斯跳投不中，布鲁克斯获得防守篮板,46:45,
67,,29124,-4.2346,-1.42,4,4,6,56,"['quarterSet', 'quarter_4']",4,width: 500px;,布鲁克斯跳投不中，巴斯获得防守篮板,90:85,
172,,29129,-1.0586,21.3,4,3,8,7,"['quarterSet', 'quarter_3']",3,width: 500px;,史蒂芬森三分跳投不中，威姆斯获得防守篮板,55:51,
209,,29129,-11.6451,18.1,4,2,1,32,"['quarterSet', 'quarter_2']",2,width: 500px;,赵继伟三分跳投不中，易建联获得防守篮板,45:45,
197,,29124,-15.5772,25.46,4,2,0,0,"['quarterSet', 'quarter_2']",2,width: 500px;,威姆斯三分跳投不中,50:47,
191,,29124,21.6265,0.82,4,3,11,14,"['quarterSet', 'quarter_3']",3,width: 500px;,赵睿三分跳投不中，韩德君获得防守篮板,50:47,
224,,29124,-17.392,13.94,4,2,3,48,"['quarterSet', 'quarter_2']",2,width: 500px;,布鲁克斯三分跳投不中，杜润旺抢到进攻篮板,36:43,
174,,29129,6.2006,-1.9,4,3,8,53,"['quarterSet', 'quarter_3']",3,width: 500px;,郭艾伦带球上篮不中，广东东莞银行队获得防守篮板,53:51,
171,,29124,-22.8364,0.66,4,3,8,0,"['quarterSet', 'quarter_3']",3,width: 500px;,徐杰三分跳投不中，广东东莞银行队抢到进攻篮板,55:51,
211,,29129,1.6636,0.5,4,2,2,6,"['quarterSet', 'quarter_2']",2,width: 500px;,巴斯跳投不中，威姆斯获得防守篮板,42:45,
252,,29124,-4.8395,0.34,4,2,7,56,"['quarterSet', 'quarter_2']",2,width: 500px;,任骏飞跳投不中，辽宁本钢队获得防守篮板,29:33,
60,,29124,6.3519,0.34,4,4,6,24,"['quarterSet', 'quarter_4']",4,width: 500px;,任骏飞跳投不中，韩德君获得防守篮板,90:85,
65,,29124,22.3827,-1.74,4,4,6,40,"['quarterSet', 'quarter_4']",4,width: 500px;,赵睿三分跳投不中，广东东莞银行队抢到进攻篮板,90:85,
217,,29129,-14.5185,16.34,4,2,2,59,"['quarterSet', 'quarter_2']",2,width: 500px;,贺天举三分跳投不中，贺天举抢到进攻篮板,40:45,
234,,29124,-5.5957,-1.74,4,2,5,8,"['quarterSet', 'quarter_2']",2,width: 500px;,赵睿跳投，被巴斯盖掉，巴斯获得防守篮板,34:40,
83,,29124,15.7284,14.26,4,4,9,14,"['quarterSet', 'quarter_4']",4,width: 500px;,布鲁克斯三分跳投不中，赵睿抢到进攻篮板,85:81,
55,,29129,-2.4198,-0.94,4,4,5,41,"['quarterSet', 'quarter_4']",4,width: 500px;,韩德君跳投，被易建联盖掉，赵睿获得防守篮板,92:85,
250,,29129,-8.0154,-2.06,4,2,7,28,"['quarterSet', 'quarter_2']",2,width: 500px;,巴斯跳投不中，威姆斯获得防守篮板,29:33,
249,,29124,2.4198,-1.58,4,2,7,23,"['quarterSet', 'quarter_2']",2,width: 500px;,威姆斯带球上篮不中，巴斯获得防守篮板,29:33,
247,,29124,-1.8148,22.58,4,2,6,59,"['quarterSet', 'quarter_2']",2,width: 500px;,威姆斯三分跳投，被巴斯盖掉，郭艾伦获得防守篮板,29:35,
201,,29129,4.537,0.82,4,2,0,30,"['quarterSet', 'quarter_2']",2,width: 500px;,巴斯跳投不中，易建联获得防守篮板,48:45,
161,,29129,-3.6296,-3.34,4,3,6,54,"['quarterSet', 'quarter_3']",3,width: 500px;,巴斯灌篮，被曾繁日盖掉，赵睿获得防守篮板,57:53,
51,,29129,-0.6049,1.78,4,4,4,45,"['quarterSet', 'quarter_4']",4,width: 500px;,史蒂芬森带球上篮不中，韩德君抢到进攻篮板,94:85,
243,,29129,-3.3272,-0.14,4,2,6,35,"['quarterSet', 'quarter_2']",2,width: 500px;,李晓旭跳投不中，易建联获得防守篮板,29:35,
202,,29129,-2.1173,-1.1,4,2,0,38,"['quarterSet', 'quarter_2']",2,width: 500px;,巴斯跳投不中，巴斯抢到进攻篮板,48:45,
156,,29124,5.7469,-0.78,4,3,6,15,"['quarterSet', 'quarter_3']",3,width: 500px;,曾繁日跳投不中，曾繁日抢到进攻篮板,59:55,
241,,29129,10.4352,8.18,4,2,6,12,"['quarterSet', 'quarter_2']",2,width: 500px;,巴斯跳投不中，李晓旭抢到进攻篮板,31:35,
186,,29124,12.8549,17.94,4,3,10,46,"['quarterSet', 'quarter_3']",3,width: 500px;,杜润旺三分跳投不中，巴斯获得防守篮板,50:49,
73,,29129,-19.2068,9.94,4,4,8,2,"['quarterSet', 'quarter_4']",4,width: 500px;,史蒂芬森三分跳投不中，任骏飞获得防守篮板,88:83,
175,,29124,17.6944,13.14,4,3,9,9,"['quarterSet', 'quarter_3']",3,width: 500px;,布鲁克斯三分跳投不中，巴斯获得防守篮板,53:51,
323,,29129,0,0,7,1,5,7,"['quarterSet', 'quarter_1']",1,width: 500px;,史蒂芬森失误，被威姆斯断下,11:11,
322,,29124,0,0,7,1,5,4,"['quarterSet', 'quarter_1']",1,width: 500px;,威姆斯失误，被史蒂芬森断下,11:11,
326,,29129,0,0,7,1,5,30,"['quarterSet', 'quarter_1']",1,width: 500px;,贺天举失误，被赵睿断下,9:8,
110,,29124,0,0,7,3,0,0,"['quarterSet', 'quarter_3']",3,width: 500px;,易建联失误,82:68,
16,,29124,0,0,7,4,1,45,"['quarterSet', 'quarter_4']",4,width: 500px;,广东东莞银行队24秒违例,99:95,
129,,29124,0,0,7,3,2,46,"['quarterSet', 'quarter_3']",3,width: 500px;,布鲁克斯失误，被巴斯断下,71:64,
66,,29129,0,0,7,4,6,50,"['quarterSet', 'quarter_4']",4,width: 500px;,郭艾伦失误，被布鲁克斯断下,90:85,
320,,29124,0,0,7,1,4,51,"['quarterSet', 'quarter_1']",1,width: 500px;,威姆斯失误，被赵继伟断下,11:13,
104,,29124,0,0,7,4,11,28,"['quarterSet', 'quarter_4']",4,width: 500px;,杜润旺失误，被李晓旭断下,82:70,
339,,29124,0,0,7,1,7,10,"['quarterSet', 'quarter_1']",1,width: 500px;,苏伟走步,5:6,
115,,29129,0,0,7,3,1,8,"['quarterSet', 'quarter_3']",3,width: 500px;,郭艾伦失误，被任骏飞断下,77:66,
15,,29129,0,0,7,4,1,17,"['quarterSet', 'quarter_4']",4,width: 500px;,郭艾伦失误，被徐杰断下,99:95,
226,,29124,0,0,7,2,4,8,"['quarterSet', 'quarter_2']",2,width: 500px;,杜润旺失误,36:43,
111,,29129,0,0,7,3,0,5,"['quarterSet', 'quarter_3']",3,width: 500px;,辽宁本钢队24秒违例,82:68,
363,,29129,0,0,7,1,11,40,"['quarterSet', 'quarter_1']",1,width: 500px;,韩德君失误，被赵睿断下,0:0,
194,,29129,0,0,7,3,11,35,"['quarterSet', 'quarter_3']",3,width: 500px;,韩德君失误，3秒违例,50:47,
26,,29129,0,0,7,4,2,50,"['quarterSet', 'quarter_4']",4,width: 500px;,郭艾伦失误，被任骏飞断下,99:91,
59,,29129,0,0,7,4,6,16,"['quarterSet', 'quarter_4']",4,width: 500px;,史蒂芬森失误，被任骏飞断下,90:85,
294,,29124,0,0,7,1,1,32,"['quarterSet', 'quarter_1']",1,width: 500px;,杜润旺失误，被高诗岩断下,17:18,
351,,29129,0,0,7,1,9,44,"['quarterSet', 'quarter_1']",1,width: 500px;,郭艾伦失误,0:2,
176,,29129,0,0,7,3,9,26,"['quarterSet', 'quarter_3']",3,width: 500px;,郭艾伦失误，被徐杰断下,53:51,
183,,29129,0,0,7,3,10,13,"['quarterSet', 'quarter_3']",3,width: 500px;,辽宁本钢队24秒违例,50:49,
225,,29129,0,0,7,2,4,1,"['quarterSet', 'quarter_2']",2,width: 500px;,刘志轩失误，被易建联断下,36:43,
348,,29129,0,0,7,1,8,49,"['quarterSet', 'quarter_1']",1,width: 500px;,辽宁本钢队24秒违例,0:2,
349,,29124,0,0,7,1,9,27,"['quarterSet', 'quarter_1']",1,width: 500px;,胡明轩失误，被赵继伟断下,0:2,
302,,29124,0,0,7,1,2,22,"['quarterSet', 'quarter_1']",1,width: 500px;,威姆斯失误,17:15,
14,,29129,0,0,8,4,1,15,"['quarterSet', 'quarter_4']",4,width: 500px;,郭艾伦违体犯规 (徐杰造成了犯规),99:95,
79,,29129,0,0,8,4,8,23,"['quarterSet', 'quarter_4']",4,width: 500px;,韩德君在对方投篮时犯规 (曾繁日造成了犯规),87:81,
180,,29129,0,0,8,3,9,35,"['quarterSet', 'quarter_3']",3,width: 500px;,巴斯在对方投篮时犯规 (曾繁日造成了犯规),52:51,
359,,29129,0,0,8,1,10,49,"['quarterSet', 'quarter_1']",1,width: 500px;,韩德君个人犯规 (任骏飞造成了犯规),0:2,
185,,29124,0,0,8,3,10,31,"['quarterSet', 'quarter_3']",3,width: 500px;,杜润旺个人犯规 (巴斯造成了犯规),50:49,
122,,29129,0,0,8,3,1,37,"['quarterSet', 'quarter_3']",3,width: 500px;,刘志轩在对方投篮时犯规 (易建联造成了犯规),74:66,
76,,29124,0,0,8,4,8,11,"['quarterSet', 'quarter_4']",4,width: 500px;,赵睿违体犯规 (史蒂芬森造成了犯规),88:81,
189,,29124,0,0,8,3,10,58,"['quarterSet', 'quarter_3']",3,width: 500px;,杜润旺在对方投篮时犯规 (巴斯造成了犯规),50:47,
190,,29124,0,0,8,3,11,3,"['quarterSet', 'quarter_3']",3,width: 500px;,杜润旺个人犯规 (巴斯造成了犯规),50:47,
7,,29129,0,0,8,4,0,35,"['quarterSet', 'quarter_4']",4,width: 500px;,高诗岩在对方投篮时犯规 (布鲁克斯造成了犯规),103:98,
72,,29129,0,0,8,4,7,55,"['quarterSet', 'quarter_4']",4,width: 500px;,高诗岩个人犯规 (布鲁克斯造成了犯规),88:83,
193,,29129,0,0,8,3,11,25,"['quarterSet', 'quarter_3']",3,width: 500px;,丛明晨个人犯规 (赵睿造成了犯规),50:47,
338,,29124,0,0,8,1,6,46,"['quarterSet', 'quarter_1']",1,width: 500px;,苏伟在对方投篮时犯规 (巴斯造成了犯规),5:6,
354,,29129,0,0,8,1,10,8,"['quarterSet', 'quarter_1']",1,width: 500px;,韩德君个人犯规 (易建联造成了犯规),0:2,
344,,29124,0,0,8,1,7,48,"['quarterSet', 'quarter_1']",1,width: 500px;,布鲁克斯个人犯规 (赵继伟造成了犯规),2:2,
46,,29129,0,0,8,4,4,45,"['quarterSet', 'quarter_4']",4,width: 500px;,郭艾伦在对方投篮时犯规 (赵睿造成了犯规),94:87,
203,,29124,0,0,8,2,0,41,"['quarterSet', 'quarter_2']",2,width: 500px;,布鲁克斯个人犯规 (刘志轩造成了犯规),48:45,
258,,29124,0,0,8,2,8,29,"['quarterSet', 'quarter_2']",2,width: 500px;,曾繁日在对方投篮时犯规 (巴斯造成了犯规),29:30,
47,,29129,0,0,8,4,4,45,"['quarterSet', 'quarter_4']",4,width: 500px;,赵继伟个人犯规 (徐杰造成了犯规),94:87,
260,,29124,0,0,8,2,8,42,"['quarterSet', 'quarter_2']",2,width: 500px;,杜润旺进攻犯规 (史蒂芬森造成了犯规),29:30,
261,,29129,0,0,8,2,8,50,"['quarterSet', 'quarter_2']",2,width: 500px;,郭艾伦个人犯规 (威姆斯造成了犯规),29:30,
50,,29124,0,0,8,4,4,45,"['quarterSet', 'quarter_4']",4,width: 500px;,任骏飞在对方投篮时犯规 (韩德君造成了犯规),94:85,
264,,29124,0,0,8,2,9,18,"['quarterSet', 'quarter_2']",2,width: 500px;,布鲁克斯个人犯规 (巴斯造成了犯规),29:30,
150,,29124,0,0,8,3,5,17,"['quarterSet', 'quarter_3']",3,width: 500px;,曾繁日在对方投篮时犯规 (巴斯造成了犯规),63:59,
39,,29129,0,0,8,4,3,58,"['quarterSet', 'quarter_4']",4,width: 500px;,史蒂芬森在对方投篮时犯规 (布鲁克斯造成了犯规),95:89,
159,,29129,0,0,8,3,6,49,"['quarterSet', 'quarter_3']",3,width: 500px;,郭艾伦在对方投篮时犯规 (赵睿造成了犯规),59:53,
271,,29129,0,0,8,2,10,25,"['quarterSet', 'quarter_2']",2,width: 500px;,韩德君在对方投篮时犯规 (易建联造成了犯规),25:25,
238,,29124,0,0,8,2,5,36,"['quarterSet', 'quarter_2']",2,width: 500px;,易建联个人犯规 (巴斯造成了犯规),34:37,
99,,29124,0,0,8,4,10,47,"['quarterSet', 'quarter_4']",4,width: 500px;,胡明轩在对方投篮时犯规 (赵继伟造成了犯规),82:72,
231,,29129,0,0,8,2,4,50,"['quarterSet', 'quarter_2']",2,width: 500px;,刘志轩个人犯规 (威姆斯造成了犯规),34:40,
163,,29124,0,0,8,3,7,9,"['quarterSet', 'quarter_3']",3,width: 500px;,任骏飞个人犯规 (李晓旭造成了犯规),57:53,
128,,29124,0,0,8,3,2,39,"['quarterSet', 'quarter_3']",3,width: 500px;,任骏飞在对方投篮时犯规 (郭艾伦造成了犯规),71:64,
30,,29124,0,0,8,4,3,27,"['quarterSet', 'quarter_4']",4,width: 500px;,徐杰个人犯规 (史蒂芬森造成了犯规),97:91,
287,,29124,0,0,8,1,1,0,"['quarterSet', 'quarter_1']",1,width: 500px;,王薪凯在对方投篮时犯规 (史蒂芬森造成了犯规),20:19,
289,,29129,0,0,8,1,1,14,"['quarterSet', 'quarter_1']",1,width: 500px;,贺天举在对方投篮时犯规 (布鲁克斯造成了犯规),19:19,
223,,29129,0,0,8,2,3,43,"['quarterSet', 'quarter_2']",2,width: 500px;,贺天举在对方投篮时犯规 (杜润旺造成了犯规),36:43,
58,,29129,0,0,8,4,6,11,"['quarterSet', 'quarter_4']",4,width: 500px;,高诗岩个人犯规 (徐杰造成了犯规),90:85,
293,,29124,0,0,8,1,1,26,"['quarterSet', 'quarter_1']",1,width: 500px;,徐杰在对方投篮时犯规 (贺天举造成了犯规),17:18,
88,,29124,0,0,8,4,9,22,"['quarterSet', 'quarter_4']",4,width: 500px;,赵睿在对方投篮时犯规 (史蒂芬森造成了犯规),85:80,
299,,29124,0,0,8,1,1,41,"['quarterSet', 'quarter_1']",1,width: 500px;,威姆斯在对方投篮时犯规 (史蒂芬森造成了犯规),17:17,
216,,29129,0,0,8,2,2,53,"['quarterSet', 'quarter_2']",2,width: 500px;,史蒂芬森进攻犯规 (布鲁克斯造成了犯规),40:45,
64,,29129,0,0,8,4,6,35,"['quarterSet', 'quarter_4']",4,width: 500px;,巴斯个人犯规 (曾繁日造成了犯规),90:85,
133,,29124,0,0,8,3,2,58,"['quarterSet', 'quarter_3']",3,width: 500px;,易建联在对方投篮时犯规 (巴斯造成了犯规),71:62,
168,,29124,0,0,8,3,7,33,"['quarterSet', 'quarter_3']",3,width: 500px;,曾繁日在对方投篮时犯规 (巴斯造成了犯规),57:51,
21,,29124,0,0,8,4,2,8,"['quarterSet', 'quarter_4']",4,width: 500px;,赵睿在对方投篮时犯规 (郭艾伦造成了犯规),99:93,
313,,29124,0,0,8,1,3,31,"['quarterSet', 'quarter_1']",1,width: 500px;,苏伟个人犯规 (李晓旭造成了犯规),13:13,
208,,29129,0,0,8,2,1,15,"['quarterSet', 'quarter_2']",2,width: 500px;,刘志轩在对方投篮时犯规 (威姆斯造成了犯规),45:45,
141,,29129,0,0,8,3,3,56,"['quarterSet', 'quarter_3']",3,width: 500px;,赵继伟个人犯规 (赵睿造成了犯规),67:62,
24,,29124,0,0,8,4,2,36,"['quarterSet', 'quarter_4']",4,width: 500px;,威姆斯在对方投篮时犯规 (韩德君造成了犯规),99:93,
